what,kind,bundleId,bundleVersion,description,time
executed,command,org.eclipse.ui,3.5.2.M20100120-0800,"org.eclipse.ui.edit.delete",1514652293494
executed,command,org.eclipse.ui,3.5.2.M20100120-0800,"org.eclipse.ui.edit.copy",1514652299836
executed,command,org.eclipse.ui,3.5.2.M20100120-0800,"org.eclipse.ui.edit.copy",1514652308280
executed,command,org.eclipse.ui,3.5.2.M20100120-0800,"org.eclipse.ui.edit.paste",1514652309775
executed,command,org.eclipse.cdt.ui,5.1.2.201002161416,"org.eclipse.cdt.ui.edit.opendecl",1514652314622
opened,editor,org.eclipse.cdt.ui,5.1.2.201002161416,"org.eclipse.cdt.ui.editor.CEditor",1514652314711
activated,editor,org.eclipse.cdt.ui,5.1.2.201002161416,"org.eclipse.cdt.ui.editor.CEditor",1514652314770
activated,editor,org.eclipse.cdt.ui,5.1.2.201002161416,"org.eclipse.cdt.ui.editor.CEditor",1514652317375
closed,editor,org.eclipse.cdt.ui,5.1.2.201002161416,"org.eclipse.cdt.ui.editor.CEditor",1514652317376
executed,command,org.eclipse.cdt.ui,5.1.2.201002161416,"org.eclipse.cdt.ui.edit.opendecl",1514652320216
executed,command,org.eclipse.cdt.ui,5.1.2.201002161416,"org.eclipse.cdt.ui.edit.opendecl",1514652333348
activated,editor,org.eclipse.cdt.ui,5.1.2.201002161416,"org.eclipse.cdt.ui.editor.CEditor",1514652335844
executed,command,org.eclipse.cdt.ui,5.1.2.201002161416,"org.eclipse.cdt.ui.edit.opendecl",1514652341595
opened,editor,org.eclipse.cdt.ui,5.1.2.201002161416,"org.eclipse.cdt.ui.editor.CEditor",1514652341673
activated,editor,org.eclipse.cdt.ui,5.1.2.201002161416,"org.eclipse.cdt.ui.editor.CEditor",1514652341746
activated,editor,org.eclipse.cdt.ui,5.1.2.201002161416,"org.eclipse.cdt.ui.editor.CEditor",1514652346378
closed,editor,org.eclipse.cdt.ui,5.1.2.201002161416,"org.eclipse.cdt.ui.editor.CEditor",1514652346379
executed,command,org.eclipse.cdt.ui,5.1.2.201002161416,"org.eclipse.cdt.ui.edit.opendecl",1514652351702
opened,editor,org.eclipse.cdt.ui,5.1.2.201002161416,"org.eclipse.cdt.ui.editor.CEditor",1514652351762
activated,editor,org.eclipse.cdt.ui,5.1.2.201002161416,"org.eclipse.cdt.ui.editor.CEditor",1514652351819
activated,editor,org.eclipse.cdt.ui,5.1.2.201002161416,"org.eclipse.cdt.ui.editor.CEditor",1514652369766
closed,editor,org.eclipse.cdt.ui,5.1.2.201002161416,"org.eclipse.cdt.ui.editor.CEditor",1514652369766
executed,command,org.eclipse.ui,3.5.2.M20100120-0800,"org.eclipse.ui.edit.text.contentAssist.proposals",1514652388468
executed,command,org.eclipse.ui,3.5.2.M20100120-0800,"org.eclipse.ui.edit.text.contentAssist.proposals",1514652393494
executed,command,org.eclipse.ui,3.5.2.M20100120-0800,"org.eclipse.ui.edit.text.contentAssist.proposals",1514652398617
deactivated,workbench,org.eclipse.ui.workbench,3.5.2.M20100113-0800,"",1514652404673
activated,workbench,org.eclipse.ui.workbench,3.5.2.M20100113-0800,"",1514652408677
executed,command,org.eclipse.ui,3.5.2.M20100120-0800,"org.eclipse.ui.edit.text.contentAssist.proposals",1514652410904
deactivated,workbench,org.eclipse.ui.workbench,3.5.2.M20100113-0800,"",1514652414268
activated,workbench,org.eclipse.ui.workbench,3.5.2.M20100113-0800,"",1514652424140
executed,command,org.eclipse.ui,3.5.2.M20100120-0800,"org.eclipse.ui.edit.text.contentAssist.proposals",1514652437863
executed,command,org.eclipse.ui,3.5.2.M20100120-0800,"org.eclipse.ui.edit.text.contentAssist.proposals",1514652449261
executed,command,org.eclipse.ui,3.5.2.M20100120-0800,"org.eclipse.ui.edit.text.contentAssist.proposals",1514652459842
executed,command,org.eclipse.ui,3.5.2.M20100120-0800,"org.eclipse.ui.edit.text.contentAssist.proposals",1514652465250
executed,command,org.eclipse.ui,3.5.2.M20100120-0800,"org.eclipse.ui.edit.text.contentAssist.proposals",1514652472840
deactivated,workbench,org.eclipse.ui.workbench,3.5.2.M20100113-0800,"",1514652474955
activated,workbench,org.eclipse.ui.workbench,3.5.2.M20100113-0800,"",1514652494095
activated,editor,org.eclipse.cdt.ui,5.1.2.201002161416,"org.eclipse.cdt.ui.editor.CEditor",1514652495186
activated,editor,org.eclipse.cdt.ui,5.1.2.201002161416,"org.eclipse.cdt.ui.editor.CEditor",1514652505676
executed,command,org.eclipse.ui,3.5.2.M20100120-0800,"org.eclipse.ui.edit.text.contentAssist.proposals",1514652509598
executed,command,org.eclipse.ui,3.5.2.M20100120-0800,"org.eclipse.ui.edit.text.contentAssist.proposals",1514652516334
executed,command,org.eclipse.ui,3.5.2.M20100120-0800,"org.eclipse.ui.edit.text.contentAssist.proposals",1514652521657
executed,command,org.eclipse.ui,3.5.2.M20100120-0800,"org.eclipse.ui.edit.text.contentAssist.proposals",1514652526732
activated,editor,org.eclipse.cdt.ui,5.1.2.201002161416,"org.eclipse.cdt.ui.editor.CEditor",1514652562307
executed,command,org.eclipse.ui,3.5.2.M20100120-0800,"org.eclipse.ui.edit.copy",1514652613991
executed,command,org.eclipse.ui,3.5.2.M20100120-0800,"org.eclipse.ui.edit.paste",1514652615868
executed,command,org.eclipse.ui,3.5.2.M20100120-0800,"org.eclipse.ui.edit.paste",1514652616546
executed,command,org.eclipse.ui,3.5.2.M20100120-0800,"org.eclipse.ui.edit.paste",1514652617105
executed,command,org.eclipse.ui,3.5.2.M20100120-0800,"org.eclipse.ui.edit.paste",1514652617689
executed,command,org.eclipse.ui,3.5.2.M20100120-0800,"org.eclipse.ui.edit.paste",1514652618228
executed,command,org.eclipse.ui,3.5.2.M20100120-0800,"org.eclipse.ui.edit.paste",1514652618792
executed,command,org.eclipse.ui,3.5.2.M20100120-0800,"org.eclipse.ui.edit.paste",1514652619530
executed,command,org.eclipse.ui,3.5.2.M20100120-0800,"org.eclipse.ui.edit.copy",1514652665244
executed,command,org.eclipse.ui,3.5.2.M20100120-0800,"org.eclipse.ui.edit.paste",1514652667903
executed,command,org.eclipse.ui,3.5.2.M20100120-0800,"org.eclipse.ui.edit.paste",1514652671081
executed,command,org.eclipse.ui,3.5.2.M20100120-0800,"org.eclipse.ui.file.save",1514652683889
activated,editor,org.eclipse.cdt.ui,5.1.2.201002161416,"org.eclipse.cdt.ui.editor.CEditor",1514652685353
deactivated,workbench,org.eclipse.ui.workbench,3.5.2.M20100113-0800,"",1514652686541
activated,workbench,org.eclipse.ui.workbench,3.5.2.M20100113-0800,"",1514652689425
activated,editor,org.eclipse.cdt.ui,5.1.2.201002161416,"org.eclipse.cdt.ui.editor.CEditor",1514652693096
activated,editor,org.eclipse.cdt.ui,5.1.2.201002161416,"org.eclipse.cdt.ui.editor.CEditor",1514652695652
activated,editor,org.eclipse.cdt.ui,5.1.2.201002161416,"org.eclipse.cdt.ui.editor.CEditor",1514652696764
executed,command,org.eclipse.ui,3.5.2.M20100120-0800,"org.eclipse.ui.edit.text.contentAssist.proposals",1514652715527
executed,command,org.eclipse.ui,3.5.2.M20100120-0800,"org.eclipse.ui.edit.undo",1514652721155
executed,command,org.eclipse.ui,3.5.2.M20100120-0800,"org.eclipse.ui.edit.undo",1514652722380
activated,editor,org.eclipse.cdt.ui,5.1.2.201002161416,"org.eclipse.cdt.ui.editor.CEditor",1514652726149
executed,command,org.eclipse.ui,3.5.2.M20100120-0800,"org.eclipse.ui.edit.text.contentAssist.proposals",1514652736364
activated,editor,org.eclipse.cdt.ui,5.1.2.201002161416,"org.eclipse.cdt.ui.editor.CEditor",1514652750179
executed,command,org.eclipse.cdt.ui,5.1.2.201002161416,"org.eclipse.cdt.ui.edit.opendecl",1514652757939
opened,editor,org.eclipse.cdt.ui,5.1.2.201002161416,"org.eclipse.cdt.ui.editor.CEditor",1514652757998
activated,editor,org.eclipse.cdt.ui,5.1.2.201002161416,"org.eclipse.cdt.ui.editor.CEditor",1514652758053
executed,command,org.eclipse.ui,3.5.2.M20100120-0800,"org.eclipse.ui.edit.text.contentAssist.proposals",1514652814515
executed,command,org.eclipse.ui,3.5.2.M20100120-0800,"org.eclipse.ui.edit.text.contentAssist.proposals",1514652841009
executed,command,org.eclipse.ui,3.5.2.M20100120-0800,"org.eclipse.ui.edit.copy",1514652850748
executed,command,org.eclipse.ui,3.5.2.M20100120-0800,"org.eclipse.ui.edit.paste",1514652852496
executed,command,org.eclipse.ui,3.5.2.M20100120-0800,"org.eclipse.ui.edit.paste",1514652853751
executed,command,org.eclipse.ui,3.5.2.M20100120-0800,"org.eclipse.ui.edit.delete",1514652860382
executed,command,org.eclipse.ui,3.5.2.M20100120-0800,"org.eclipse.ui.edit.delete",1514652872883
executed,command,org.eclipse.ui,3.5.2.M20100120-0800,"org.eclipse.ui.edit.cut",1514652900958
executed,command,org.eclipse.ui,3.5.2.M20100120-0800,"org.eclipse.ui.edit.delete",1514652902348
executed,command,org.eclipse.ui,3.5.2.M20100120-0800,"org.eclipse.ui.edit.delete",1514652902774
executed,command,org.eclipse.ui.workbench.texteditor,3.5.1.r352_v20100105,"org.eclipse.ui.edit.text.goto.lineEnd",1514652905713
executed,command,org.eclipse.ui,3.5.2.M20100120-0800,"org.eclipse.ui.edit.paste",1514652909477
executed,command,org.eclipse.ui,3.5.2.M20100120-0800,"org.eclipse.ui.edit.cut",1514652916430
executed,command,org.eclipse.ui,3.5.2.M20100120-0800,"org.eclipse.ui.edit.delete",1514652917779
executed,command,org.eclipse.ui,3.5.2.M20100120-0800,"org.eclipse.ui.edit.paste",1514652920987
executed,command,org.eclipse.ui,3.5.2.M20100120-0800,"org.eclipse.ui.edit.cut",1514652923846
executed,command,org.eclipse.ui,3.5.2.M20100120-0800,"org.eclipse.ui.edit.delete",1514652924985
executed,command,org.eclipse.ui,3.5.2.M20100120-0800,"org.eclipse.ui.edit.paste",1514652927840
executed,command,org.eclipse.ui,3.5.2.M20100120-0800,"org.eclipse.ui.file.save",1514652930574
activated,editor,org.eclipse.cdt.ui,5.1.2.201002161416,"org.eclipse.cdt.ui.editor.CEditor",1514652933895
activated,editor,org.eclipse.cdt.ui,5.1.2.201002161416,"org.eclipse.cdt.ui.editor.CEditor",1514652942508
activated,editor,org.eclipse.cdt.ui,5.1.2.201002161416,"org.eclipse.cdt.ui.editor.CEditor",1514652961610
executed,command,org.eclipse.ui,3.5.2.M20100120-0800,"org.eclipse.ui.file.save",1514652984568
activated,editor,org.eclipse.cdt.ui,5.1.2.201002161416,"org.eclipse.cdt.ui.editor.CEditor",1514652986786
deactivated,workbench,org.eclipse.ui.workbench,3.5.2.M20100113-0800,"",1514652989954
activated,workbench,org.eclipse.ui.workbench,3.5.2.M20100113-0800,"",1514652993063
executed,command,org.eclipse.ui,3.5.2.M20100120-0800,"org.eclipse.ui.newWizard",1514652993077
executed,command,org.eclipse.ui,3.5.2.M20100120-0800,"org.eclipse.ui.edit.text.contentAssist.proposals",1514652993942
executed,command,org.eclipse.ui,3.5.2.M20100120-0800,"org.eclipse.ui.file.save",1514653001348
activated,editor,org.eclipse.cdt.ui,5.1.2.201002161416,"org.eclipse.cdt.ui.editor.CEditor",1514653009741
executed,command,org.eclipse.ui,3.5.2.M20100120-0800,"org.eclipse.ui.edit.text.contentAssist.proposals",1514653027996
executed,command,org.eclipse.ui,3.5.2.M20100120-0800,"org.eclipse.ui.edit.text.contentAssist.proposals",1514653049965
deactivated,workbench,org.eclipse.ui.workbench,3.5.2.M20100113-0800,"",1514653055761
activated,workbench,org.eclipse.ui.workbench,3.5.2.M20100113-0800,"",1514653058948
activated,editor,org.eclipse.cdt.ui,5.1.2.201002161416,"org.eclipse.cdt.ui.editor.CEditor",1514653082889
executed,command,org.eclipse.ui,3.5.2.M20100120-0800,"org.eclipse.ui.file.save",1514653089692
activated,editor,org.eclipse.cdt.ui,5.1.2.201002161416,"org.eclipse.cdt.ui.editor.CEditor",1514653090514
deactivated,workbench,org.eclipse.ui.workbench,3.5.2.M20100113-0800,"",1514653093624
activated,workbench,org.eclipse.ui.workbench,3.5.2.M20100113-0800,"",1514653096686
executed,command,org.eclipse.cdt.ui,5.1.2.201002161416,"org.eclipse.cdt.ui.edit.opendecl",1514653118260
deactivated,workbench,org.eclipse.ui.workbench,3.5.2.M20100113-0800,"",1514653137308
activated,workbench,org.eclipse.ui.workbench,3.5.2.M20100113-0800,"",1514656224359
deactivated,workbench,org.eclipse.ui.workbench,3.5.2.M20100113-0800,"",1514656234033
activated,workbench,org.eclipse.ui.workbench,3.5.2.M20100113-0800,"",1514656238461
activated,editor,org.eclipse.cdt.ui,5.1.2.201002161416,"org.eclipse.cdt.ui.editor.CEditor",1514656238579
closed,editor,org.eclipse.cdt.ui,5.1.2.201002161416,"org.eclipse.cdt.ui.editor.CEditor",1514656238579
activated,editor,org.eclipse.cdt.ui,5.1.2.201002161416,"org.eclipse.cdt.ui.editor.CEditor",1514656240757
closed,editor,org.eclipse.cdt.ui,5.1.2.201002161416,"org.eclipse.cdt.ui.editor.CEditor",1514656240757
activated,editor,org.eclipse.cdt.ui,5.1.2.201002161416,"org.eclipse.cdt.ui.editor.CEditor",1514656242268
activated,editor,org.eclipse.cdt.ui,5.1.2.201002161416,"org.eclipse.cdt.ui.editor.CEditor",1514656243675
closed,editor,org.eclipse.cdt.ui,5.1.2.201002161416,"org.eclipse.cdt.ui.editor.CEditor",1514656243675
activated,editor,org.eclipse.cdt.ui,5.1.2.201002161416,"org.eclipse.cdt.ui.editor.CEditor",1514656244554
closed,editor,org.eclipse.cdt.ui,5.1.2.201002161416,"org.eclipse.cdt.ui.editor.CEditor",1514656244554
activated,view,org.eclipse.ui.navigator.resources,3.4.1.M20090826-0800,"org.eclipse.ui.navigator.ProjectExplorer",1514656253872
activated,editor,org.eclipse.cdt.ui,5.1.2.201002161416,"org.eclipse.cdt.ui.editor.CEditor",1514656294672
activated,view,org.eclipse.ui.navigator.resources,3.4.1.M20090826-0800,"org.eclipse.ui.navigator.ProjectExplorer",1514656314732
deactivated,workbench,org.eclipse.ui.workbench,3.5.2.M20100113-0800,"",1514656323917
activated,workbench,org.eclipse.ui.workbench,3.5.2.M20100113-0800,"",1514656325897
activated,editor,org.eclipse.cdt.ui,5.1.2.201002161416,"org.eclipse.cdt.ui.editor.CEditor",1514656329299
deactivated,workbench,org.eclipse.ui.workbench,3.5.2.M20100113-0800,"",1514656330600
activated,workbench,org.eclipse.ui.workbench,3.5.2.M20100113-0800,"",1514656379653
activated,view,org.eclipse.ui.ide,3.5.2.M20100113-0800,"org.eclipse.ui.views.ProblemView",1514656384229
activated,editor,org.eclipse.cdt.ui,5.1.2.201002161416,"org.eclipse.cdt.ui.editor.CEditor",1514656392627
deactivated,workbench,org.eclipse.ui.workbench,3.5.2.M20100113-0800,"",1514656395913
activated,workbench,org.eclipse.ui.workbench,3.5.2.M20100113-0800,"",1514656417518
deactivated,workbench,org.eclipse.ui.workbench,3.5.2.M20100113-0800,"",1514656419237
activated,workbench,org.eclipse.ui.workbench,3.5.2.M20100113-0800,"",1514656434102
activated,view,org.eclipse.ui.ide,3.5.2.M20100113-0800,"org.eclipse.ui.views.ProblemView",1514656434133
activated,view,org.eclipse.ui.console,3.4.0.v20090513,"org.eclipse.ui.console.ConsoleView",1514656442916
activated,editor,org.eclipse.cdt.ui,5.1.2.201002161416,"org.eclipse.cdt.ui.editor.CEditor",1514656449823
activated,view,org.eclipse.ui.navigator.resources,3.4.1.M20090826-0800,"org.eclipse.ui.navigator.ProjectExplorer",1514656452199
activated,editor,org.eclipse.cdt.ui,5.1.2.201002161416,"org.eclipse.cdt.ui.editor.CEditor",1514656472639
deactivated,workbench,org.eclipse.ui.workbench,3.5.2.M20100113-0800,"",1514656473374
activated,workbench,org.eclipse.ui.workbench,3.5.2.M20100113-0800,"",1514656476061
executed,command,org.eclipse.cdt.ui,5.1.2.201002161416,"org.eclipse.cdt.ui.edit.opendecl",1514656478499
deactivated,workbench,org.eclipse.ui.workbench,3.5.2.M20100113-0800,"",1514656478562
activated,workbench,org.eclipse.ui.workbench,3.5.2.M20100113-0800,"",1514661852660
deactivated,workbench,org.eclipse.ui.workbench,3.5.2.M20100113-0800,"",1514661853885
activated,workbench,org.eclipse.ui.workbench,3.5.2.M20100113-0800,"",1514664217971
deactivated,workbench,org.eclipse.ui.workbench,3.5.2.M20100113-0800,"",1514664218049
activated,workbench,org.eclipse.ui.workbench,3.5.2.M20100113-0800,"",1514664219268
deactivated,workbench,org.eclipse.ui.workbench,3.5.2.M20100113-0800,"",1514664219315
activated,workbench,org.eclipse.ui.workbench,3.5.2.M20100113-0800,"",1514664220549
closed,workbench,org.eclipse.ui.workbench,3.5.2.M20100113-0800,"",1514664220768
stopped,bundle,org.eclipse.cdt.debug.mi.ui,6.0.0.201002161416,"org.eclipse.cdt.debug.mi.ui",1514664221242
stopped,bundle,org.eclipse.cdt.debug.mi.core,6.0.0.201002161416,"org.eclipse.cdt.debug.mi.core",1514664221242
stopped,bundle,org.eclipse.cdt.dsf.gdb.ui,2.0.0.201002161416,"org.eclipse.cdt.dsf.gdb.ui",1514664221257
stopped,bundle,org.eclipse.cdt.dsf.ui,2.0.1.201002161416,"org.eclipse.cdt.dsf.ui",1514664221257
stopped,bundle,org.eclipse.cdt.launch,6.0.0.201002161416,"org.eclipse.cdt.launch",1514664221257
stopped,bundle,org.eclipse.cdt.debug.ui,6.0.0.201002161416,"org.eclipse.cdt.debug.ui",1514664221257
stopped,bundle,org.eclipse.cdt.dsf.gdb,2.0.0.201002161416,"org.eclipse.cdt.dsf.gdb",1514664221273
stopped,bundle,org.eclipse.cdt.dsf,2.0.0.201002161416,"org.eclipse.cdt.dsf",1514664221273
stopped,bundle,org.eclipse.cdt.debug.core,6.0.0.201002161416,"org.eclipse.cdt.debug.core",1514664221273
stopped,bundle,de.innot.avreclipse.core,2.3.4.20100807PRD,"de.innot.avreclipse.core",1514664221288
stopped,bundle,org.eclipse.cdt.managedbuilder.ui,5.1.0.201002161416,"org.eclipse.cdt.managedbuilder.ui",1514664221288
stopped,bundle,org.eclipse.cdt.make.ui,6.0.1.201002161416,"org.eclipse.cdt.make.ui",1514664221288
stopped,bundle,net.sourceforge.eclipsesdcc,1.0.0,"net.sourceforge.eclipsesdcc",1514664221288
activated,perspective,org.eclipse.cdt.ui,,"org.eclipse.cdt.ui.CPerspective",1514789772822
started,bundle,org.eclipse.osgi,3.5.2.R35x_v20100126,"org.eclipse.osgi",1514789772823
started,bundle,org.eclipse.equinox.simpleconfigurator,1.0.101.R35x_v20090807-1100,"org.eclipse.equinox.simpleconfigurator",1514789772823
started,bundle,com.ibm.icu,4.0.1.v20090822,"com.ibm.icu",1514789772824
started,bundle,org.eclipse.cdt.core,5.1.2.201002161416,"org.eclipse.cdt.core",1514789772824
started,bundle,org.eclipse.cdt.make.core,6.0.0.201002161416,"org.eclipse.cdt.make.core",1514789772824
started,bundle,org.eclipse.cdt.make.ui,6.0.1.201002161416,"org.eclipse.cdt.make.ui",1514789772857
started,bundle,org.eclipse.cdt.managedbuilder.core,6.0.0.201002161416,"org.eclipse.cdt.managedbuilder.core",1514789772857
started,bundle,org.eclipse.cdt.ui,5.1.2.201002161416,"org.eclipse.cdt.ui",1514789772857
started,bundle,org.eclipse.compare.core,3.5.0.I20090430-0408,"org.eclipse.compare.core",1514789772858
started,bundle,org.eclipse.core.contenttype,3.4.1.R35x_v20090826-0451,"org.eclipse.core.contenttype",1514789772858
started,bundle,org.eclipse.core.databinding.observable,1.2.0.M20090902-0800,"org.eclipse.core.databinding.observable",1514789772859
started,bundle,org.eclipse.core.expressions,3.4.101.R35x_v20100209,"org.eclipse.core.expressions",1514789772859
started,bundle,org.eclipse.core.filebuffers,3.5.0.v20090526-2000,"org.eclipse.core.filebuffers",1514789772859
started,bundle,org.eclipse.core.filesystem,1.2.1.R35x_v20091203-1235,"org.eclipse.core.filesystem",1514789772860
started,bundle,org.eclipse.core.jobs,3.4.100.v20090429-1800,"org.eclipse.core.jobs",1514789772861
started,bundle,org.eclipse.core.net,1.2.1.r35x_20090812-1200,"org.eclipse.core.net",1514789772861
started,bundle,org.eclipse.core.resources,3.5.2.R35x_v20091203-1235,"org.eclipse.core.resources",1514789772862
started,bundle,org.eclipse.core.runtime,3.5.0.v20090525,"org.eclipse.core.runtime",1514789772862
started,bundle,org.eclipse.core.runtime.compatibility,3.2.0.v20090413,"org.eclipse.core.runtime.compatibility",1514789772862
started,bundle,org.eclipse.core.runtime.compatibility.auth,3.2.100.v20090413,"org.eclipse.core.runtime.compatibility.auth",1514789772863
started,bundle,org.eclipse.core.variables,3.2.200.v20090521,"org.eclipse.core.variables",1514789772863
started,bundle,org.eclipse.debug.core,3.5.1.v20091103_r352,"org.eclipse.debug.core",1514789772864
started,bundle,org.eclipse.ecf,3.0.0.v20090831-1906,"org.eclipse.ecf",1514789772865
started,bundle,org.eclipse.ecf.filetransfer,3.0.0.v20090831-1906,"org.eclipse.ecf.filetransfer",1514789772866
started,bundle,org.eclipse.ecf.identity,3.0.0.v20090831-1906,"org.eclipse.ecf.identity",1514789772866
started,bundle,org.eclipse.ecf.provider.filetransfer,3.0.1.v20090831-1906,"org.eclipse.ecf.provider.filetransfer",1514789772867
started,bundle,org.eclipse.ecf.provider.filetransfer.httpclient,3.0.1.v20090831-1906,"org.eclipse.ecf.provider.filetransfer.httpclient",1514789772868
started,bundle,org.eclipse.epp.usagedata.gathering,1.1.1.R201001291118,"org.eclipse.epp.usagedata.gathering",1514789772868
started,bundle,org.eclipse.epp.usagedata.recording,1.1.1.R201001291118,"org.eclipse.epp.usagedata.recording",1514789772869
started,bundle,org.eclipse.equinox.app,1.2.1.R35x_v20091203,"org.eclipse.equinox.app",1514789772869
started,bundle,org.eclipse.equinox.common,3.5.1.R35x_v20090807-1100,"org.eclipse.equinox.common",1514789772869
started,bundle,org.eclipse.equinox.ds,1.1.1.R35x_v20090806,"org.eclipse.equinox.ds",1514789772871
started,bundle,org.eclipse.equinox.frameworkadmin,1.0.100.v20090520-1905,"org.eclipse.equinox.frameworkadmin",1514789772871
started,bundle,org.eclipse.equinox.frameworkadmin.equinox,1.0.101.R35x_v20091214,"org.eclipse.equinox.frameworkadmin.equinox",1514789772871
started,bundle,org.eclipse.equinox.p2.core,1.0.101.R35x_v20090819,"org.eclipse.equinox.p2.core",1514789772872
started,bundle,org.eclipse.equinox.p2.director,1.0.101.R35x_v20100112,"org.eclipse.equinox.p2.director",1514789772872
started,bundle,org.eclipse.equinox.p2.directorywatcher,1.0.100.v20090525,"org.eclipse.equinox.p2.directorywatcher",1514789772873
started,bundle,org.eclipse.equinox.p2.engine,1.0.102.R35x_v20091117,"org.eclipse.equinox.p2.engine",1514789772873
started,bundle,org.eclipse.equinox.p2.exemplarysetup,1.0.100.v20090520-1905,"org.eclipse.equinox.p2.exemplarysetup",1514789772874
started,bundle,org.eclipse.equinox.p2.garbagecollector,1.0.100.v20090520-1905,"org.eclipse.equinox.p2.garbagecollector",1514789772874
started,bundle,org.eclipse.equinox.p2.metadata.repository,1.0.101.R35x_v20090812,"org.eclipse.equinox.p2.metadata.repository",1514789772875
started,bundle,org.eclipse.equinox.p2.reconciler.dropins,1.0.100.v20090520-1905,"org.eclipse.equinox.p2.reconciler.dropins",1514789772876
started,bundle,org.eclipse.equinox.p2.repository,1.0.1.R35x_v20100105,"org.eclipse.equinox.p2.repository",1514789772876
started,bundle,org.eclipse.equinox.preferences,3.2.301.R35x_v20091117,"org.eclipse.equinox.preferences",1514789772877
started,bundle,org.eclipse.equinox.registry,3.4.100.v20090520-1800,"org.eclipse.equinox.registry",1514789772877
started,bundle,org.eclipse.equinox.security,1.0.100.v20090520-1800,"org.eclipse.equinox.security",1514789773106
started,bundle,org.eclipse.equinox.simpleconfigurator.manipulator,1.0.101.R35x_v20100209,"org.eclipse.equinox.simpleconfigurator.manipulator",1514789773106
started,bundle,org.eclipse.equinox.util,1.0.100.v20090520-1800,"org.eclipse.equinox.util",1514789773107
started,bundle,org.eclipse.help,3.4.1.v20090805_35x,"org.eclipse.help",1514789773118
started,bundle,org.eclipse.jface,3.5.2.M20100120-0800,"org.eclipse.jface",1514789773118
started,bundle,org.eclipse.jsch.core,1.1.100.I20090430-0408,"org.eclipse.jsch.core",1514789773119
started,bundle,org.eclipse.ltk.core.refactoring,3.5.0.v20090513-2000,"org.eclipse.ltk.core.refactoring",1514789773119
started,bundle,org.eclipse.search,3.5.1.r351_v20090708-0800,"org.eclipse.search",1514789773128
started,bundle,org.eclipse.team.core,3.5.1.r35x_20100113-0800,"org.eclipse.team.core",1514789773128
started,bundle,org.eclipse.team.cvs.core,3.3.200.I20090430-0408,"org.eclipse.team.cvs.core",1514789773129
started,bundle,org.eclipse.team.cvs.ui,3.3.202.r35x_20090930-0800,"org.eclipse.team.cvs.ui",1514789773147
started,bundle,org.eclipse.team.ui,3.5.0.I20090430-0408,"org.eclipse.team.ui",1514789773163
started,bundle,org.eclipse.ui,3.5.2.M20100120-0800,"org.eclipse.ui",1514789773164
started,bundle,org.eclipse.ui.console,3.4.0.v20090513,"org.eclipse.ui.console",1514789773164
started,bundle,org.eclipse.ui.editors,3.5.0.v20090527-2000,"org.eclipse.ui.editors",1514789773164
started,bundle,org.eclipse.ui.forms,3.4.1.v20090714_35x,"org.eclipse.ui.forms",1514789773164
started,bundle,org.eclipse.ui.ide,3.5.2.M20100113-0800,"org.eclipse.ui.ide",1514789773178
started,bundle,org.eclipse.ui.navigator,3.4.2.M20100120-0800,"org.eclipse.ui.navigator",1514789773179
started,bundle,org.eclipse.ui.navigator.resources,3.4.1.M20090826-0800,"org.eclipse.ui.navigator.resources",1514789773179
started,bundle,org.eclipse.ui.net,1.2.1.r35x_20090812-1200,"org.eclipse.ui.net",1514789773179
started,bundle,org.eclipse.ui.views,3.4.1.M20090826-0800,"org.eclipse.ui.views",1514789773180
started,bundle,org.eclipse.ui.workbench,3.5.2.M20100113-0800,"org.eclipse.ui.workbench",1514789773180
started,bundle,org.eclipse.ui.workbench.texteditor,3.5.1.r352_v20100105,"org.eclipse.ui.workbench.texteditor",1514789773193
started,bundle,org.eclipse.update.configurator,3.3.0.v20090312,"org.eclipse.update.configurator",1514789773194
started,bundle,org.eclipse.egit.core,1.0.0.201106090707-r,"org.eclipse.egit.core",1514789773194
started,bundle,org.eclipse.egit.ui,1.0.0.201106090707-r,"org.eclipse.egit.ui",1514789773238
started,bundle,org.eclipse.jgit,1.0.0.201106090707-r,"org.eclipse.jgit",1514789773239
os,sysinfo,,,"win32",1514789773246
arch,sysinfo,,,"x86",1514789773246
ws,sysinfo,,,"win32",1514789773246
locale,sysinfo,,,"en_US",1514789773246
processors,sysinfo,,,"4",1514789773246
java.runtime.name,sysinfo,,,"Java(TM) SE Runtime Environment",1514789773246
java.runtime.version,sysinfo,,,"1.8.0_151-b12",1514789773246
java.specification.name,sysinfo,,,"Java Platform API Specification",1514789773246
java.specification.vendor,sysinfo,,,"Oracle Corporation",1514789773246
java.specification.version,sysinfo,,,"1.8",1514789773246
java.vendor,sysinfo,,,"Oracle Corporation",1514789773246
java.version,sysinfo,,,"1.8.0_151",1514789773246
java.vm.info,sysinfo,,,"mixed mode",1514789773246
java.vm.name,sysinfo,,,"Java HotSpot(TM) Client VM",1514789773246
java.vm.specification.name,sysinfo,,,"Java Virtual Machine Specification",1514789773246
java.vm.specification.vendor,sysinfo,,,"Oracle Corporation",1514789773246
java.vm.specification.version,sysinfo,,,"1.8",1514789773246
java.vm.vendor,sysinfo,,,"Oracle Corporation",1514789773246
java.vm.version,sysinfo,,,"25.151-b12",1514789773246
started,bundle,org.eclipse.mylyn.commons.net,3.2.0.v20090617-0100-e3x,"org.eclipse.mylyn.commons.net",1514789773268
activated,view,org.eclipse.ui.navigator.resources,3.4.1.M20090826-0800,"org.eclipse.ui.navigator.ProjectExplorer",1514789773485
started,bundle,org.eclipse.mylyn.commons.ui,3.2.3.v20100217-0100-e3x,"org.eclipse.mylyn.commons.ui",1514789773557
started,bundle,org.eclipse.mylyn.bugzilla.core,3.2.3.v20100217-0100-e3x,"org.eclipse.mylyn.bugzilla.core",1514789773740
started,bundle,org.eclipse.mylyn.bugzilla.ui,3.2.3.v20100217-0100-e3x,"org.eclipse.mylyn.bugzilla.ui",1514789773771
started,bundle,org.eclipse.mylyn.context.core,3.2.3.v20100217-0100-e3x,"org.eclipse.mylyn.context.core",1514789774057
started,bundle,org.eclipse.mylyn.context.ui,3.2.3.v20100217-0100-e3x,"org.eclipse.mylyn.context.ui",1514789774063
started,bundle,org.eclipse.mylyn.tasks.ui,3.2.3.v20100217-0100-e3x,"org.eclipse.mylyn.tasks.ui",1514789774438
